<?xml version="1.0" encoding="UTF-8"?>
<!DOCTYPE mapper PUBLIC "-//mybatis.org//DTD Mapper 3.0//EN" "http://mybatis.org/dtd/mybatis-3-mapper.dtd">
<mapper namespace="com.qdu.dao.CouponMapper">
	<resultMap id="BaseResultMap"
		type="com.qdu.bean.Coupon">
		<id column="couponid" jdbcType="INTEGER" property="couponid" />
		<result column="userid" jdbcType="INTEGER" property="userid" />
		<result column="coupon" jdbcType="VARCHAR" property="coupon" />
		<result column="couponvalue" jdbcType="INTEGER"
			property="couponvalue" />
	</resultMap>
	<sql id="Example_Where_Clause">
		<where>
			<foreach collection="oredCriteria" item="criteria"
				separator="or">
				<if test="criteria.valid">
					<trim prefix="(" prefixOverrides="and" suffix=")">
						<foreach collection="criteria.criteria" item="criterion">
							<choose>
								<when test="criterion.noValue">
									and ${criterion.condition}
								</when>
								<when test="criterion.singleValue">
									and ${criterion.condition} #{criterion.value}
								</when>
								<when test="criterion.betweenValue">
									and ${criterion.condition} #{criterion.value}
									and
									#{criterion.secondValue}
								</when>
								<when test="criterion.listValue">
									and ${criterion.condition}
									<foreach close=")" collection="criterion.value"
										item="listItem" open="(" separator=",">
										#{listItem}
									</foreach>
								</when>
							</choose>
						</foreach>
					</trim>
				</if>
			</foreach>
		</where>
	</sql>
	<sql id="Update_By_Example_Where_Clause">
		<where>
			<foreach collection="example.oredCriteria" item="criteria"
				separator="or">
				<if test="criteria.valid">
					<trim prefix="(" prefixOverrides="and" suffix=")">
						<foreach collection="criteria.criteria" item="criterion">
							<choose>
								<when test="criterion.noValue">
									and ${criterion.condition}
								</when>
								<when test="criterion.singleValue">
									and ${criterion.condition} #{criterion.value}
								</when>
								<when test="criterion.betweenValue">
									and ${criterion.condition} #{criterion.value}
									and
									#{criterion.secondValue}
								</when>
								<when test="criterion.listValue">
									and ${criterion.condition}
									<foreach close=")" collection="criterion.value"
										item="listItem" open="(" separator=",">
										#{listItem}
									</foreach>
								</when>
							</choose>
						</foreach>
					</trim>
				</if>
			</foreach>
		</where>
	</sql>
	<sql id="Base_Column_List">
		userid, coupon, couponvalue
	</sql>
	<select id="selectByExample"
		parameterType="com.qdu.bean.CouponExample"
		resultMap="BaseResultMap">
		select
		<if test="distinct">
			distinct
		</if>
		<include refid="Base_Column_List" />
		from coupon
		<if test="_parameter != null">
			<include refid="Example_Where_Clause" />
		</if>
		<if test="orderByClause != null">
			order by ${orderByClause}
		</if>
	</select>
	<delete id="deleteByExample"
		parameterType="com.qdu.bean.CouponExample">
		delete from coupon
		<if test="_parameter != null">
			<include refid="Example_Where_Clause" />
		</if>
	</delete>
	<insert id="insert" parameterType="com.qdu.bean.Coupon">
		insert into coupon (userid,
		coupon, couponvalue
		)
		values (#{userid,jdbcType=INTEGER},
		#{coupon,jdbcType=VARCHAR},
		#{couponvalue,jdbcType=INTEGER}
		)
	</insert>
	<insert id="insertSelective"
		parameterType="com.qdu.bean.Coupon">
		insert into coupon
		<trim prefix="(" suffix=")" suffixOverrides=",">
			<if test="userid != null">
				userid,
			</if>
			<if test="coupon != null">
				coupon,
			</if>
			<if test="couponvalue != null">
				couponvalue,
			</if>
		</trim>
		<trim prefix="values (" suffix=")" suffixOverrides=",">
			<if test="userid != null">
				#{userid,jdbcType=INTEGER},
			</if>
			<if test="coupon != null">
				#{coupon,jdbcType=VARCHAR},
			</if>
			<if test="couponvalue != null">
				#{couponvalue,jdbcType=INTEGER},
			</if>
		</trim>
	</insert>
	<select id="countByExample"
		parameterType="com.qdu.bean.CouponExample"
		resultType="java.lang.Long">
		select count(*) from coupon
		<if test="_parameter != null">
			<include refid="Example_Where_Clause" />
		</if>
	</select>
	<update id="updateByExampleSelective" parameterType="map">
		update coupon
		<set>
			<if test="record.userid != null">
				userid = #{record.userid,jdbcType=INTEGER},
			</if>
			<if test="record.coupon != null">
				coupon = #{record.coupon,jdbcType=VARCHAR},
			</if>
			<if test="record.couponvalue != null">
				couponvalue = #{record.couponvalue,jdbcType=INTEGER},
			</if>
		</set>
		<if test="_parameter != null">
			<include refid="Update_By_Example_Where_Clause" />
		</if>
	</update>
	<update id="updateByExample" parameterType="map">
		update coupon
		set userid = #{record.userid,jdbcType=INTEGER},
		coupon =
		#{record.coupon,jdbcType=VARCHAR},
		couponvalue =
		#{record.couponvalue,jdbcType=INTEGER}
		<if test="_parameter != null">
			<include refid="Update_By_Example_Where_Clause" />
		</if>
	</update>

	<insert id="insertCoupon"
		parameterType="com.qdu.bean.Coupon">
		insert into coupon (userid, coupon, couponvalue
		)
		values (#{userid,jdbcType=INTEGER}, #{coupon,jdbcType=VARCHAR},
		#{couponvalue,jdbcType=INTEGER}
		)
	</insert>


	<select id="selectByUser" parameterType="java.lang.Integer"
		resultMap="BaseResultMap">
		select
		*
		from coupon
		where userid = #{userid}
	</select>



</mapper>