<?xml version="1.0" encoding="UTF-8"?>
<!DOCTYPE mapper PUBLIC "-//mybatis.org//DTD Mapper 3.0//EN" "http://mybatis.org/dtd/mybatis-3-mapper.dtd">
<mapper namespace="com.qdu.dao.TradeMapper">
	<resultMap id="BaseResultMap" type="com.qdu.bean.Trade">
		<id column="tradeid" jdbcType="INTEGER" property="tradeid" />
		<result column="id" jdbcType="INTEGER" property="id" />
		<result column="tradetime" jdbcType="TIMESTAMP" property="tradetime" />
	</resultMap>
	<sql id="Example_Where_Clause">
		<where>
			<foreach collection="oredCriteria" item="criteria" separator="or">
				<if test="criteria.valid">
					<trim prefix="(" prefixOverrides="and" suffix=")">
						<foreach collection="criteria.criteria" item="criterion">
							<choose>
								<when test="criterion.noValue">
									and ${criterion.condition}
								</when>
								<when test="criterion.singleValue">
									and ${criterion.condition} #{criterion.value}
								</when>
								<when test="criterion.betweenValue">
									and ${criterion.condition} #{criterion.value}
									and
									#{criterion.secondValue}
								</when>
								<when test="criterion.listValue">
									and ${criterion.condition}
									<foreach close=")" collection="criterion.value" item="listItem"
										open="(" separator=",">
										#{listItem}
									</foreach>
								</when>
							</choose>
						</foreach>
					</trim>
				</if>
			</foreach>
		</where>
	</sql>
	<sql id="Update_By_Example_Where_Clause">
		<where>
			<foreach collection="example.oredCriteria" item="criteria"
				separator="or">
				<if test="criteria.valid">
					<trim prefix="(" prefixOverrides="and" suffix=")">
						<foreach collection="criteria.criteria" item="criterion">
							<choose>
								<when test="criterion.noValue">
									and ${criterion.condition}
								</when>
								<when test="criterion.singleValue">
									and ${criterion.condition} #{criterion.value}
								</when>
								<when test="criterion.betweenValue">
									and ${criterion.condition} #{criterion.value}
									and
									#{criterion.secondValue}
								</when>
								<when test="criterion.listValue">
									and ${criterion.condition}
									<foreach close=")" collection="criterion.value" item="listItem"
										open="(" separator=",">
										#{listItem}
									</foreach>
								</when>
							</choose>
						</foreach>
					</trim>
				</if>
			</foreach>
		</where>
	</sql>
	<sql id="Base_Column_List">
		tradeid, id, tradetime
	</sql>
	<select id="selectByExample" parameterType="com.qdu.bean.TradeExample"
		resultMap="BaseResultMap">
		select
		<if test="distinct">
			distinct
		</if>
		<include refid="Base_Column_List" />
		from trade
		<if test="_parameter != null">
			<include refid="Example_Where_Clause" />
		</if>
		<if test="orderByClause != null">
			order by ${orderByClause}
		</if>
	</select>
	<select id="selectByPrimaryKey" parameterType="java.lang.Integer"
		resultMap="BaseResultMap">
		select
		<include refid="Base_Column_List" />
		from trade
		where tradeid = #{tradeid,jdbcType=INTEGER}
	</select>
	<delete id="deleteByPrimaryKey" parameterType="java.lang.Integer">
		delete from trade
		where tradeid = #{tradeid,jdbcType=INTEGER}
	</delete>
	<delete id="deleteByExample" parameterType="com.qdu.bean.TradeExample">
		delete from trade
		<if test="_parameter != null">
			<include refid="Example_Where_Clause" />
		</if>
	</delete>
	<insert id="insert" parameterType="com.qdu.bean.Trade">
		insert into trade (tradeid,
		id, tradetime
		)
		values (#{tradeid,jdbcType=INTEGER},
		#{id,jdbcType=INTEGER},
		#{tradetime,jdbcType=TIMESTAMP}
		)
	</insert>
	<insert id="insertSelective" parameterType="com.qdu.bean.Trade"
		useGeneratedKeys="true" keyProperty="tradeid">
		insert into trade
		<trim prefix="(" suffix=")" suffixOverrides=",">
			<if test="tradeid != null">
				tradeid,
			</if>
			<if test="id != null">
				id,
			</if>
			<if test="tradetime != null">
				tradetime,
			</if>
		</trim>
		<trim prefix="values (" suffix=")" suffixOverrides=",">
			<if test="tradeid != null">
				#{tradeid,jdbcType=INTEGER},
			</if>
			<if test="id != null">
				#{id,jdbcType=INTEGER},
			</if>
			<if test="tradetime != null">
				#{tradetime,jdbcType=TIMESTAMP},
			</if>
		</trim>
	</insert>
	<select id="countByExample" parameterType="com.qdu.bean.TradeExample"
		resultType="java.lang.Long">
		select count(*) from trade
		<if test="_parameter != null">
			<include refid="Example_Where_Clause" />
		</if>
	</select>
	<update id="updateByExampleSelective" parameterType="map">
		update trade
		<set>
			<if test="record.tradeid != null">
				tradeid = #{record.tradeid,jdbcType=INTEGER},
			</if>
			<if test="record.id != null">
				id = #{record.id,jdbcType=INTEGER},
			</if>
			<if test="record.tradetime != null">
				tradetime = #{record.tradetime,jdbcType=TIMESTAMP},
			</if>
		</set>
		<if test="_parameter != null">
			<include refid="Update_By_Example_Where_Clause" />
		</if>
	</update>
	<update id="updateByExample" parameterType="map">
		update trade
		set tradeid = #{record.tradeid,jdbcType=INTEGER},
		id =
		#{record.id,jdbcType=INTEGER},
		tradetime =
		#{record.tradetime,jdbcType=TIMESTAMP}
		<if test="_parameter != null">
			<include refid="Update_By_Example_Where_Clause" />
		</if>
	</update>
	<update id="updateByPrimaryKeySelective" parameterType="com.qdu.bean.Trade">
		update trade
		<set>
			<if test="id != null">
				id = #{id,jdbcType=INTEGER},
			</if>
			<if test="tradetime != null">
				tradetime = #{tradetime,jdbcType=TIMESTAMP},
			</if>
		</set>
		where tradeid = #{tradeid,jdbcType=INTEGER}
	</update>
	<update id="updateByPrimaryKey" parameterType="com.qdu.bean.Trade">
		update trade
		set id
		= #{id,jdbcType=INTEGER},
		tradetime = #{tradetime,jdbcType=TIMESTAMP}
		where tradeid = #{tradeid,jdbcType=INTEGER}
	</update>
</mapper>