<?xml version="1.0" encoding="UTF-8"?>
<!DOCTYPE mapper PUBLIC "-//mybatis.org//DTD Mapper 3.0//EN" "http://mybatis.org/dtd/mybatis-3-mapper.dtd">
<mapper namespace="com.qdu.dao.TradeItemMapper">
  <resultMap id="BaseResultMap" type="com.qdu.bean.TradeItem">
    <id column="itemid" jdbcType="INTEGER" property="itemid" />
    <result column="goodsid" jdbcType="INTEGER" property="goodsid" />
    <result column="quantity" jdbcType="INTEGER" property="quantity" />
    <result column="tradeid" jdbcType="INTEGER" property="tradeid" />
  </resultMap>
  <sql id="Example_Where_Clause">
    <where>
      <foreach collection="oredCriteria" item="criteria" separator="or">
        <if test="criteria.valid">
          <trim prefix="(" prefixOverrides="and" suffix=")">
            <foreach collection="criteria.criteria" item="criterion">
              <choose>
                <when test="criterion.noValue">
                  and ${criterion.condition}
                </when>
                <when test="criterion.singleValue">
                  and ${criterion.condition} #{criterion.value}
                </when>
                <when test="criterion.betweenValue">
                  and ${criterion.condition} #{criterion.value} and #{criterion.secondValue}
                </when>
                <when test="criterion.listValue">
                  and ${criterion.condition}
                  <foreach close=")" collection="criterion.value" item="listItem" open="(" separator=",">
                    #{listItem}
                  </foreach>
                </when>
              </choose>
            </foreach>
          </trim>
        </if>
      </foreach>
    </where>
  </sql>
  <sql id="Update_By_Example_Where_Clause">
    <where>
      <foreach collection="example.oredCriteria" item="criteria" separator="or">
        <if test="criteria.valid">
          <trim prefix="(" prefixOverrides="and" suffix=")">
            <foreach collection="criteria.criteria" item="criterion">
              <choose>
                <when test="criterion.noValue">
                  and ${criterion.condition}
                </when>
                <when test="criterion.singleValue">
                  and ${criterion.condition} #{criterion.value}
                </when>
                <when test="criterion.betweenValue">
                  and ${criterion.condition} #{criterion.value} and #{criterion.secondValue}
                </when>
                <when test="criterion.listValue">
                  and ${criterion.condition}
                  <foreach close=")" collection="criterion.value" item="listItem" open="(" separator=",">
                    #{listItem}
                  </foreach>
                </when>
              </choose>
            </foreach>
          </trim>
        </if>
      </foreach>
    </where>
  </sql>
  <sql id="Base_Column_List">
    itemid, goodsid, quantity, tradeid
  </sql>
  <select id="selectByExample" parameterType="com.qdu.bean.TradeItemExample" resultMap="BaseResultMap">
    select
    <if test="distinct">
      distinct
    </if>
    <include refid="Base_Column_List" />
    from tradeitem
    <if test="_parameter != null">
      <include refid="Example_Where_Clause" />
    </if>
    <if test="orderByClause != null">
      order by ${orderByClause}
    </if>
  </select>
  <select id="selectByPrimaryKey" parameterType="java.lang.Integer" resultMap="BaseResultMap">
    select 
    <include refid="Base_Column_List" />
    from tradeitem
    where itemid = #{itemid,jdbcType=INTEGER}
  </select>
  <delete id="deleteByPrimaryKey" parameterType="java.lang.Integer">
    delete from tradeitem
    where itemid = #{itemid,jdbcType=INTEGER}
  </delete>
  <delete id="deleteByExample" parameterType="com.qdu.bean.TradeItemExample">
    delete from tradeitem
    <if test="_parameter != null">
      <include refid="Example_Where_Clause" />
    </if>
  </delete>
  <insert id="insert" parameterType="com.qdu.bean.TradeItem">
    insert into tradeitem (itemid, goodsid, quantity, 
      tradeid)
    values (#{itemid,jdbcType=INTEGER}, #{goodsid,jdbcType=INTEGER}, #{quantity,jdbcType=INTEGER}, 
      #{tradeid,jdbcType=INTEGER})
  </insert>
  <insert id="insertSelective" parameterType="com.qdu.bean.TradeItem">
    insert into tradeitem
    <trim prefix="(" suffix=")" suffixOverrides=",">
      <if test="itemid != null">
        itemid,
      </if>
      <if test="goodsid != null">
        goodsid,
      </if>
      <if test="quantity != null">
        quantity,
      </if>
      <if test="tradeid != null">
        tradeid,
      </if>
    </trim>
    <trim prefix="values (" suffix=")" suffixOverrides=",">
      <if test="itemid != null">
        #{itemid,jdbcType=INTEGER},
      </if>
      <if test="goodsid != null">
        #{goodsid,jdbcType=INTEGER},
      </if>
      <if test="quantity != null">
        #{quantity,jdbcType=INTEGER},
      </if>
      <if test="tradeid != null">
        #{tradeid,jdbcType=INTEGER},
      </if>
    </trim>
  </insert>
  <select id="countByExample" parameterType="com.qdu.bean.TradeItemExample" resultType="java.lang.Long">
    select count(*) from tradeitem
    <if test="_parameter != null">
      <include refid="Example_Where_Clause" />
    </if>
  </select>
  <update id="updateByExampleSelective" parameterType="map">
    update tradeitem
    <set>
      <if test="record.itemid != null">
        itemid = #{record.itemid,jdbcType=INTEGER},
      </if>
      <if test="record.goodsid != null">
        goodsid = #{record.goodsid,jdbcType=INTEGER},
      </if>
      <if test="record.quantity != null">
        quantity = #{record.quantity,jdbcType=INTEGER},
      </if>
      <if test="record.tradeid != null">
        tradeid = #{record.tradeid,jdbcType=INTEGER},
      </if>
    </set>
    <if test="_parameter != null">
      <include refid="Update_By_Example_Where_Clause" />
    </if>
  </update>
  <update id="updateByExample" parameterType="map">
    update tradeitem
    set itemid = #{record.itemid,jdbcType=INTEGER},
      goodsid = #{record.goodsid,jdbcType=INTEGER},
      quantity = #{record.quantity,jdbcType=INTEGER},
      tradeid = #{record.tradeid,jdbcType=INTEGER}
    <if test="_parameter != null">
      <include refid="Update_By_Example_Where_Clause" />
    </if>
  </update>
  <update id="updateByPrimaryKeySelective" parameterType="com.qdu.bean.TradeItem">
    update tradeitem
    <set>
      <if test="goodsid != null">
        goodsid = #{goodsid,jdbcType=INTEGER},
      </if>
      <if test="quantity != null">
        quantity = #{quantity,jdbcType=INTEGER},
      </if>
      <if test="tradeid != null">
        tradeid = #{tradeid,jdbcType=INTEGER},
      </if>
    </set>
    where itemid = #{itemid,jdbcType=INTEGER}
  </update>
  <update id="updateByPrimaryKey" parameterType="com.qdu.bean.TradeItem">
    update tradeitem
    set goodsid = #{goodsid,jdbcType=INTEGER},
      quantity = #{quantity,jdbcType=INTEGER},
      tradeid = #{tradeid,jdbcType=INTEGER}
    where itemid = #{itemid,jdbcType=INTEGER}
  </update>
</mapper>