<?xml version="1.0" encoding="UTF-8"?>
<!DOCTYPE mapper PUBLIC "-//mybatis.org//DTD Mapper 3.0//EN" "http://mybatis.org/dtd/mybatis-3-mapper.dtd">
<mapper namespace="com.atguigu.crud.dao.GoodsMapper">
	<resultMap id="BaseResultMap" type="com.atguigu.crud.bean.Goods">
		<id column="goodsid" jdbcType="INTEGER" property="goodsid" />
		<result column="name" jdbcType="VARCHAR" property="name" />
		<result column="price" jdbcType="REAL" property="price" />
		<result column="salesamount" jdbcType="INTEGER" property="salesamount" />
		<result column="storenumber" jdbcType="INTEGER" property="storenumber" />
		<result column="remark" jdbcType="VARCHAR" property="remark" />
		<result column="type" jdbcType="VARCHAR" property="type" />
		<result column="img" jdbcType="VARCHAR" property="img" />
		<result column="important" jdbcType="INTEGER" property="important" />
		<result column="news" jdbcType="INTEGER" property="news" />
	</resultMap>
	<sql id="Example_Where_Clause">
		<where>
			<foreach collection="oredCriteria" item="criteria" separator="or">
				<if test="criteria.valid">
					<trim prefix="(" prefixOverrides="and" suffix=")">
						<foreach collection="criteria.criteria" item="criterion">
							<choose>
								<when test="criterion.noValue">
									and ${criterion.condition}
								</when>
								<when test="criterion.singleValue">
									and ${criterion.condition} #{criterion.value}
								</when>
								<when test="criterion.betweenValue">
									and ${criterion.condition} #{criterion.value} and
									#{criterion.secondValue}
								</when>
								<when test="criterion.listValue">
									and ${criterion.condition}
									<foreach close=")" collection="criterion.value" item="listItem"
										open="(" separator=",">
										#{listItem}
									</foreach>
								</when>
							</choose>
						</foreach>
					</trim>
				</if>
			</foreach>
		</where>
	</sql>
	<sql id="Update_By_Example_Where_Clause">
		<where>
			<foreach collection="example.oredCriteria" item="criteria"
				separator="or">
				<if test="criteria.valid">
					<trim prefix="(" prefixOverrides="and" suffix=")">
						<foreach collection="criteria.criteria" item="criterion">
							<choose>
								<when test="criterion.noValue">
									and ${criterion.condition}
								</when>
								<when test="criterion.singleValue">
									and ${criterion.condition} #{criterion.value}
								</when>
								<when test="criterion.betweenValue">
									and ${criterion.condition} #{criterion.value} and
									#{criterion.secondValue}
								</when>
								<when test="criterion.listValue">
									and ${criterion.condition}
									<foreach close=")" collection="criterion.value" item="listItem"
										open="(" separator=",">
										#{listItem}
									</foreach>
								</when>
							</choose>
						</foreach>
					</trim>
				</if>
			</foreach>
		</where>
	</sql>
	<sql id="Base_Column_List">
		goodsid, name, price, salesamount, storenumber, remark, type, img, important,
		news
	</sql>
	<select id="selectByExample" parameterType="com.atguigu.crud.bean.GoodsExample"
		resultMap="BaseResultMap">
		select
		<if test="distinct">
			distinct
		</if>
		<include refid="Base_Column_List" />
		from goods
		<if test="_parameter != null">
			<include refid="Example_Where_Clause" />
		</if>
		<if test="orderByClause != null">
			order by ${orderByClause}
		</if>
	</select>
	<select id="selectByPrimaryKey" parameterType="java.lang.Integer"
		resultMap="BaseResultMap">
		select
		<include refid="Base_Column_List" />
		from goods
		where goodsid = #{goodsid,jdbcType=INTEGER}
	</select>
	
	<select id="selectByPartname" parameterType="String"
		resultMap="BaseResultMap">
		select
		*
		from goods
		where name like #{partname}
	</select>
	
	
	
	<delete id="deleteByPrimaryKey" parameterType="java.lang.Integer">
		delete from goods
		where goodsid = #{goodsid,jdbcType=INTEGER}
	</delete>
	<delete id="deleteByExample" parameterType="com.atguigu.crud.bean.GoodsExample">
		delete from goods
		<if test="_parameter != null">
			<include refid="Example_Where_Clause" />
		</if>
	</delete>
	<insert id="insert" parameterType="com.atguigu.crud.bean.Goods">
		insert into goods (goodsid, name, price,
		salesamount, storenumber, remark,
		type, img, important,
		news)
		values (#{goodsid,jdbcType=INTEGER}, #{name,jdbcType=VARCHAR},
		#{price,jdbcType=REAL},
		#{salesamount,jdbcType=INTEGER}, #{storenumber,jdbcType=INTEGER}, #{remark,jdbcType=VARCHAR},
		#{type,jdbcType=VARCHAR}, #{img,jdbcType=VARCHAR},
		#{important,jdbcType=INTEGER},
		#{news,jdbcType=INTEGER})
	</insert>
	<insert id="insertSelective" parameterType="com.atguigu.crud.bean.Goods"
		useGeneratedKeys="true" keyProperty="goodsid">
		insert into goods
		<trim prefix="(" suffix=")" suffixOverrides=",">
			<if test="goodsid != null">
				goodsid,
			</if>
			<if test="name != null">
				name,
			</if>
			<if test="price != null">
				price,
			</if>
			<if test="salesamount != null">
				salesamount,
			</if>
			<if test="storenumber != null">
				storenumber,
			</if>
			<if test="remark != null">
				remark,
			</if>
			<if test="type != null">
				type,
			</if>
			<if test="img != null">
				img,
			</if>
			<if test="important != null">
				important,
			</if>
			<if test="news != null">
				news,
			</if>
		</trim>
		<trim prefix="values (" suffix=")" suffixOverrides=",">
			<if test="goodsid != null">
				#{goodsid,jdbcType=INTEGER},
			</if>
			<if test="name != null">
				#{name,jdbcType=VARCHAR},
			</if>
			<if test="price != null">
				#{price,jdbcType=REAL},
			</if>
			<if test="salesamount != null">
				#{salesamount,jdbcType=INTEGER},
			</if>
			<if test="storenumber != null">
				#{storenumber,jdbcType=INTEGER},
			</if>
			<if test="remark != null">
				#{remark,jdbcType=VARCHAR},
			</if>
			<if test="type != null">
				#{type,jdbcType=VARCHAR},
			</if>
			<if test="img != null">
				#{img,jdbcType=VARCHAR},
			</if>
			<if test="important != null">
				#{important,jdbcType=INTEGER},
			</if>
			<if test="news != null">
				#{news,jdbcType=INTEGER},
			</if>
		</trim>
	</insert>
	<select id="countByExample" parameterType="com.atguigu.crud.bean.GoodsExample"
		resultType="java.lang.Long">
		select count(*) from goods
		<if test="_parameter != null">
			<include refid="Example_Where_Clause" />
		</if>
	</select>
	<update id="updateByExampleSelective" parameterType="map">
		update goods
		<set>
			<if test="record.goodsid != null">
				goodsid = #{record.goodsid,jdbcType=INTEGER},
			</if>
			<if test="record.name != null">
				name = #{record.name,jdbcType=VARCHAR},
			</if>
			<if test="record.price != null">
				price = #{record.price,jdbcType=REAL},
			</if>
			<if test="record.salesamount != null">
				salesamount = #{record.salesamount,jdbcType=INTEGER},
			</if>
			<if test="record.storenumber != null">
				storenumber = #{record.storenumber,jdbcType=INTEGER},
			</if>
			<if test="record.remark != null">
				remark = #{record.remark,jdbcType=VARCHAR},
			</if>
			<if test="record.type != null">
				type = #{record.type,jdbcType=VARCHAR},
			</if>
			<if test="record.img != null">
				img = #{record.img,jdbcType=VARCHAR},
			</if>
			<if test="record.important != null">
				important = #{record.important,jdbcType=INTEGER},
			</if>
			<if test="record.news != null">
				news = #{record.news,jdbcType=INTEGER},
			</if>
		</set>
		<if test="_parameter != null">
			<include refid="Update_By_Example_Where_Clause" />
		</if>
	</update>
	<update id="updateByExample" parameterType="map">
		update goods
		set goodsid = #{record.goodsid,jdbcType=INTEGER},
		name = #{record.name,jdbcType=VARCHAR},
		price = #{record.price,jdbcType=REAL},
		salesamount = #{record.salesamount,jdbcType=INTEGER},
		storenumber = #{record.storenumber,jdbcType=INTEGER},
		remark = #{record.remark,jdbcType=VARCHAR},
		type = #{record.type,jdbcType=VARCHAR},
		img = #{record.img,jdbcType=VARCHAR},
		important = #{record.important,jdbcType=INTEGER},
		news = #{record.news,jdbcType=INTEGER}
		<if test="_parameter != null">
			<include refid="Update_By_Example_Where_Clause" />
		</if>
	</update>
	<update id="updateByPrimaryKeySelective" parameterType="com.atguigu.crud.bean.Goods">
		update goods
		<set>
			<if test="name != null">
				name = #{name,jdbcType=VARCHAR},
			</if>
			<if test="price != null">
				price = #{price,jdbcType=REAL},
			</if>
			<if test="salesamount != null">
				salesamount = #{salesamount,jdbcType=INTEGER},
			</if>
			<if test="storenumber != null">
				storenumber = #{storenumber,jdbcType=INTEGER},
			</if>
			<if test="remark != null">
				remark = #{remark,jdbcType=VARCHAR},
			</if>
			<if test="type != null">
				type = #{type,jdbcType=VARCHAR},
			</if>
			<if test="img != null">
				img = #{img,jdbcType=VARCHAR},
			</if>
			<if test="important != null">
				important = #{important,jdbcType=INTEGER},
			</if>
			<if test="news != null">
				news = #{news,jdbcType=INTEGER},
			</if>
		</set>
		where goodsid = #{goodsid,jdbcType=INTEGER}
	</update>
	<update id="updateByPrimaryKey" parameterType="com.atguigu.crud.bean.Goods">
		update goods
		set name = #{name,jdbcType=VARCHAR},
		price = #{price,jdbcType=REAL},
		salesamount = #{salesamount,jdbcType=INTEGER},
		storenumber = #{storenumber,jdbcType=INTEGER},
		remark = #{remark,jdbcType=VARCHAR},
		type = #{type,jdbcType=VARCHAR},
		img = #{img,jdbcType=VARCHAR},
		important = #{important,jdbcType=INTEGER},
		news = #{news,jdbcType=INTEGER}
		where goodsid = #{goodsid,jdbcType=INTEGER}
	</update>
</mapper>