<?xml version="1.0" encoding="UTF-8"?>
<!DOCTYPE mapper PUBLIC "-//mybatis.org//DTD Mapper 3.0//EN" "http://mybatis.org/dtd/mybatis-3-mapper.dtd">
<mapper namespace="com.atguigu.crud.dao.SalesMapper">
  <resultMap id="BaseResultMap" type="com.atguigu.crud.bean.Sales">
    <id column="salesid" jdbcType="INTEGER" property="salesid" />
    <result column="goodsid" jdbcType="INTEGER" property="goodsid" />
    <result column="id" jdbcType="INTEGER" property="id" />
  </resultMap>
  <sql id="Example_Where_Clause">
    <where>
      <foreach collection="oredCriteria" item="criteria" separator="or">
        <if test="criteria.valid">
          <trim prefix="(" prefixOverrides="and" suffix=")">
            <foreach collection="criteria.criteria" item="criterion">
              <choose>
                <when test="criterion.noValue">
                  and ${criterion.condition}
                </when>
                <when test="criterion.singleValue">
                  and ${criterion.condition} #{criterion.value}
                </when>
                <when test="criterion.betweenValue">
                  and ${criterion.condition} #{criterion.value} and #{criterion.secondValue}
                </when>
                <when test="criterion.listValue">
                  and ${criterion.condition}
                  <foreach close=")" collection="criterion.value" item="listItem" open="(" separator=",">
                    #{listItem}
                  </foreach>
                </when>
              </choose>
            </foreach>
          </trim>
        </if>
      </foreach>
    </where>
  </sql>
  <sql id="Update_By_Example_Where_Clause">
    <where>
      <foreach collection="example.oredCriteria" item="criteria" separator="or">
        <if test="criteria.valid">
          <trim prefix="(" prefixOverrides="and" suffix=")">
            <foreach collection="criteria.criteria" item="criterion">
              <choose>
                <when test="criterion.noValue">
                  and ${criterion.condition}
                </when>
                <when test="criterion.singleValue">
                  and ${criterion.condition} #{criterion.value}
                </when>
                <when test="criterion.betweenValue">
                  and ${criterion.condition} #{criterion.value} and #{criterion.secondValue}
                </when>
                <when test="criterion.listValue">
                  and ${criterion.condition}
                  <foreach close=")" collection="criterion.value" item="listItem" open="(" separator=",">
                    #{listItem}
                  </foreach>
                </when>
              </choose>
            </foreach>
          </trim>
        </if>
      </foreach>
    </where>
  </sql>
  <sql id="Base_Column_List">
    salesid, goodsid, id
  </sql>
  <select id="selectByExample" parameterType="com.atguigu.crud.bean.SalesExample" resultMap="BaseResultMap">
    select
    <if test="distinct">
      distinct
    </if>
    <include refid="Base_Column_List" />
    from sales
    <if test="_parameter != null">
      <include refid="Example_Where_Clause" />
    </if>
    <if test="orderByClause != null">
      order by ${orderByClause}
    </if>
  </select>
  <select id="selectByPrimaryKey" parameterType="java.lang.Integer" resultMap="BaseResultMap">
    select 
    <include refid="Base_Column_List" />
    from sales
    where salesid = #{salesid,jdbcType=INTEGER}
  </select>
  <delete id="deleteByPrimaryKey" parameterType="java.lang.Integer">
    delete from sales
    where salesid = #{salesid,jdbcType=INTEGER}
  </delete>
  <delete id="deleteByExample" parameterType="com.atguigu.crud.bean.SalesExample">
    delete from sales
    <if test="_parameter != null">
      <include refid="Example_Where_Clause" />
    </if>
  </delete>
  <insert id="insert" parameterType="com.atguigu.crud.bean.Sales">
    insert into sales (salesid, goodsid, id
      )
    values (#{salesid,jdbcType=INTEGER}, #{goodsid,jdbcType=INTEGER}, #{id,jdbcType=INTEGER}
      )
  </insert>
  <insert id="insertSelective" parameterType="com.atguigu.crud.bean.Sales">
    insert into sales
    <trim prefix="(" suffix=")" suffixOverrides=",">
      <if test="salesid != null">
        salesid,
      </if>
      <if test="goodsid != null">
        goodsid,
      </if>
      <if test="id != null">
        id,
      </if>
    </trim>
    <trim prefix="values (" suffix=")" suffixOverrides=",">
      <if test="salesid != null">
        #{salesid,jdbcType=INTEGER},
      </if>
      <if test="goodsid != null">
        #{goodsid,jdbcType=INTEGER},
      </if>
      <if test="id != null">
        #{id,jdbcType=INTEGER},
      </if>
    </trim>
  </insert>
  <select id="countByExample" parameterType="com.atguigu.crud.bean.SalesExample" resultType="java.lang.Long">
    select count(*) from sales
    <if test="_parameter != null">
      <include refid="Example_Where_Clause" />
    </if>
  </select>
  <update id="updateByExampleSelective" parameterType="map">
    update sales
    <set>
      <if test="record.salesid != null">
        salesid = #{record.salesid,jdbcType=INTEGER},
      </if>
      <if test="record.goodsid != null">
        goodsid = #{record.goodsid,jdbcType=INTEGER},
      </if>
      <if test="record.id != null">
        id = #{record.id,jdbcType=INTEGER},
      </if>
    </set>
    <if test="_parameter != null">
      <include refid="Update_By_Example_Where_Clause" />
    </if>
  </update>
  <update id="updateByExample" parameterType="map">
    update sales
    set salesid = #{record.salesid,jdbcType=INTEGER},
      goodsid = #{record.goodsid,jdbcType=INTEGER},
      id = #{record.id,jdbcType=INTEGER}
    <if test="_parameter != null">
      <include refid="Update_By_Example_Where_Clause" />
    </if>
  </update>
  <update id="updateByPrimaryKeySelective" parameterType="com.atguigu.crud.bean.Sales">
    update sales
    <set>
      <if test="goodsid != null">
        goodsid = #{goodsid,jdbcType=INTEGER},
      </if>
      <if test="id != null">
        id = #{id,jdbcType=INTEGER},
      </if>
    </set>
    where salesid = #{salesid,jdbcType=INTEGER}
  </update>
  <update id="updateByPrimaryKey" parameterType="com.atguigu.crud.bean.Sales">
    update sales
    set goodsid = #{goodsid,jdbcType=INTEGER},
      id = #{id,jdbcType=INTEGER}
    where salesid = #{salesid,jdbcType=INTEGER}
  </update>
</mapper>